id,first_name,last_name,email,gender
1,Melisande,Exall,mexall0@mozilla.org,Female
2,Sloane,Jeannenet,sjeannenet1@oracle.com,Male
3,Eduino,Deane,edeane2@networkadvertising.org,Male
4,Suzy,Scone,sscone3@msu.edu,Female
5,Shaylyn,Belch,sbelch4@smh.com.au,Female
6,Elston,Rosin,erosin5@123-reg.co.uk,Male
7,Lee,Kummerlowe,lkummerlowe6@blogtalkradio.com,Male
8,Greer,Haysom,ghaysom7@ameblo.jp,Female
9,Chicky,Sperski,csperski8@reverbnation.com,Male
10,Morna,Annand,mannand9@paginegialle.it,Female
11,Christalle,Czapla,cczaplaa@ning.com,Female
12,Floris,Twigge,ftwiggeb@blogtalkradio.com,Female
13,Janos,Lewsy,jlewsyc@blogtalkradio.com,Male
14,Walt,Dunsire,wdunsired@icio.us,Male
15,Ralph,Feavearyear,rfeavearyeare@skype.com,Male
16,Jorge,Kiellor,jkiellorf@google.com.hk,Male
17,Gerri,Androck,gandrockg@mediafire.com,Male
18,Morris,Senten,msentenh@jigsy.com,Male
19,Quincey,Jesse,qjessei@so-net.ne.jp,Male
20,Issiah,Whitta,iwhittaj@disqus.com,Male
21,Franklin,Woolway,fwoolwayk@army.mil,Male
22,Keslie,Tomek,ktomekl@unblog.fr,Female
23,Farleigh,McGirr,fmcgirrm@blogspot.com,Male
24,Carena,Darco,cdarcon@harvard.edu,Female
25,Rutger,Poad,rpoado@skyrock.com,Male
26,Melesa,Jacklin,mjacklinp@craigslist.org,Female
27,Berti,Sullens,bsullensq@acquirethisname.com,Female
28,Federico,Josovich,fjosovichr@mayoclinic.com,Male
29,Claude,Getcliffe,cgetcliffes@amazon.co.jp,Female
30,Huntley,Lamacraft,hlamacraftt@oakley.com,Male
31,Delores,Blackah,dblackahu@clickbank.net,Female
32,Nikolaos,Turvey,nturveyv@vinaora.com,Male
33,Neall,Castanone,ncastanonew@buzzfeed.com,Male
34,Yoshi,Whitfield,ywhitfieldx@yelp.com,Female
35,Corri,Ehrat,cehraty@nyu.edu,Female
36,Vivyanne,Hedan,vhedanz@yelp.com,Female
37,Delainey,Blampy,dblampy10@paypal.com,Male
38,Rozanna,Jore,rjore11@foxnews.com,Female
39,Dean,Fardy,dfardy12@ucsd.edu,Male
40,Steffen,Grammer,sgrammer13@booking.com,Male
41,Benetta,Midghall,bmidghall14@mozilla.com,Female
42,Gustavo,Roseburgh,groseburgh15@mashable.com,Male
43,Ulrich,Angelo,uangelo16@howstuffworks.com,Male
44,Giovanni,Silversmidt,gsilversmidt17@mit.edu,Male
45,Lorin,Coverlyn,lcoverlyn18@archive.org,Male
46,Orson,Lock,olock19@sfgate.com,Male
47,Holly-anne,Tillerton,htillerton1a@netvibes.com,Female
48,Elston,Sharples,esharples1b@drupal.org,Male
49,Eryn,Oubridge,eoubridge1c@chicagotribune.com,Female
50,Rhonda,Ackroyd,rackroyd1d@nasa.gov,Female
51,Kari,Jillard,kjillard1e@baidu.com,Female
52,Grete,Glayzer,gglayzer1f@nih.gov,Female
53,Kaitlynn,Schooley,kschooley1g@wisc.edu,Female
54,Wainwright,Speddin,wspeddin1h@bbc.co.uk,Male
55,Lucina,Stanbra,lstanbra1i@pcworld.com,Female
56,Cecilius,Aimson,caimson1j@theguardian.com,Male
57,Findley,Varrow,fvarrow1k@stanford.edu,Male
58,Di,Coupar,dcoupar1l@taobao.com,Female
59,Kyrstin,Poolton,kpoolton1m@reference.com,Female
60,Tiffie,Lemmon,tlemmon1n@unblog.fr,Female
61,Lorin,Hardington,lhardington1o@about.me,Male
62,Carmelina,Klees,cklees1p@wikipedia.org,Female
63,Michel,Livesay,mlivesay1q@mac.com,Female
64,Orran,Kenwrick,okenwrick1r@cbslocal.com,Male
65,Dani,McPeeters,dmcpeeters1s@mit.edu,Male
66,Eugenia,Orringe,eorringe1t@ftc.gov,Female
67,Estrellita,Lambdin,elambdin1u@mediafire.com,Female
68,Sansone,Branford,sbranford1v@nps.gov,Male
69,Bronny,Endrighi,bendrighi1w@exblog.jp,Male
70,Henka,Knapp,hknapp1x@amazon.de,Female
71,West,Whitters,wwhitters1y@cnn.com,Male
72,Lefty,Gayton,lgayton1z@behance.net,Male
73,Orv,Stood,ostood20@rakuten.co.jp,Male
74,Den,Dutch,ddutch21@clickbank.net,Male
75,Rance,Donnelly,rdonnelly22@baidu.com,Male
76,Stormie,Edgeley,sedgeley23@hibu.com,Female
77,Evin,Tullis,etullis24@bloglines.com,Male
78,Ira,McQuaid,imcquaid25@mapy.cz,Male
79,Lila,Stanluck,lstanluck26@hexun.com,Female
80,Wheeler,Haselden,whaselden27@rakuten.co.jp,Male
81,Keith,Dregan,kdregan28@360.cn,Male
82,Jeffrey,Blesli,jblesli29@apple.com,Male
83,Finley,Bubb,fbubb2a@dot.gov,Male
84,Conni,McManamon,cmcmanamon2b@blogtalkradio.com,Female
85,Quill,Northcott,qnorthcott2c@t.co,Male
86,Jana,Goncaves,jgoncaves2d@bandcamp.com,Female
87,Estele,Curbishley,ecurbishley2e@webeden.co.uk,Female
88,Marylou,Clarycott,mclarycott2f@miibeian.gov.cn,Female
89,Janene,Arnholtz,jarnholtz2g@nasa.gov,Female
90,Isak,Petracco,ipetracco2h@irs.gov,Male
91,Melisandra,Brand,mbrand2i@smugmug.com,Female
92,Rheba,Dogg,rdogg2j@ycombinator.com,Female
93,Lian,Sommerland,lsommerland2k@java.com,Female
94,Tyson,Franek,tfranek2l@baidu.com,Male
95,Burch,Scahill,bscahill2m@sina.com.cn,Male
96,Candi,Lys,clys2n@facebook.com,Female
97,Kristel,Toppas,ktoppas2o@ibm.com,Female
98,Ella,Phelp,ephelp2p@elegantthemes.com,Female
99,Rad,Matcham,rmatcham2q@tinyurl.com,Male
100,Lian,Murt,lmurt2r@cmu.edu,Female
101,Ron,Raybould,rraybould2s@sciencedaily.com,Male
102,Edward,Tumasian,etumasian2t@ow.ly,Male
103,Dillon,MacGinlay,dmacginlay2u@barnesandnoble.com,Male
104,Troy,Tidbury,ttidbury2v@msu.edu,Male
105,Sauveur,Eaden,seaden2w@typepad.com,Male
106,Lib,McGaughie,lmcgaughie2x@skyrock.com,Female
107,Stevie,Brotherton,sbrotherton2y@accuweather.com,Male
108,Korey,Bilborough,kbilborough2z@trellian.com,Male
109,Anjanette,Swann,aswann30@sakura.ne.jp,Female
110,Cassius,Northcliffe,cnorthcliffe31@microsoft.com,Male
111,Guss,Martinetto,gmartinetto32@amazon.de,Male
112,Siouxie,Battell,sbattell33@ow.ly,Female
113,Hervey,Eddow,heddow34@pen.io,Male
114,Garnet,Lympenie,glympenie35@scribd.com,Female
115,Charmine,O'Leahy,coleahy36@hibu.com,Female
116,Mathe,Clifford,mclifford37@dyndns.org,Male
117,Carma,Raitt,craitt38@stanford.edu,Female
118,Timi,Gemeau,tgemeau39@nydailynews.com,Female
119,Agneta,Barbara,abarbara3a@free.fr,Female
120,Geoff,Brunone,gbrunone3b@soundcloud.com,Male
121,Gannon,Thomassin,gthomassin3c@lulu.com,Male
122,Petronella,Saintpierre,psaintpierre3d@simplemachines.org,Female
123,Dougie,Glabach,dglabach3e@gnu.org,Male
124,Jami,Housden,jhousden3f@techcrunch.com,Female
125,Isaiah,Mithun,imithun3g@yale.edu,Male
126,Yvonne,Ockland,yockland3h@over-blog.com,Female
127,Valentine,Gaywood,vgaywood3i@nifty.com,Female
128,Thibaud,Dalston,tdalston3j@weebly.com,Male
129,Helyn,Elphey,helphey3k@t.co,Female
130,Parke,Rozier,prozier3l@marketwatch.com,Male
131,Jeffry,Cracker,jcracker3m@youku.com,Male
132,Erik,Coopman,ecoopman3n@vinaora.com,Male
133,Cob,Yerborn,cyerborn3o@pen.io,Male
134,Constantia,Murton,cmurton3p@seesaa.net,Female
135,Brandea,Stanlake,bstanlake3q@china.com.cn,Female
136,Almeta,Pantridge,apantridge3r@tiny.cc,Female
137,Tucker,Leafe,tleafe3s@webeden.co.uk,Male
138,Julietta,Ricson,jricson3t@psu.edu,Female
139,Danice,Godbold,dgodbold3u@hugedomains.com,Female
140,Worthington,Robichon,wrobichon3v@bloomberg.com,Male
141,Fabien,Yorath,fyorath3w@msn.com,Male
142,Kelwin,Fantonetti,kfantonetti3x@wix.com,Male
143,Arney,Britee,abritee3y@nbcnews.com,Male
144,Jaine,Bedbrough,jbedbrough3z@webmd.com,Female
145,Rice,Doerling,rdoerling40@msn.com,Male
146,Odette,Avey,oavey41@google.ca,Female
147,Cordey,Aston,caston42@dailymail.co.uk,Female
148,Sande,Myatt,smyatt43@photobucket.com,Female
149,Malissia,Cooch,mcooch44@sciencedaily.com,Female
150,Nicolis,Longridge,nlongridge45@1688.com,Male
151,Fernandina,Haslock(e),fhaslocke46@gmpg.org,Female
152,Opaline,Martlew,omartlew47@google.com.br,Female
153,Aurel,Hartford,ahartford48@google.it,Female
154,Ddene,Seneschal,dseneschal49@usnews.com,Female
155,Zelma,Camp,zcamp4a@printfriendly.com,Female
156,Suzie,Castaneda,scastaneda4b@epa.gov,Female
157,Clemente,Realff,crealff4c@friendfeed.com,Male
158,Bethina,Tubby,btubby4d@gov.uk,Female
159,Kristo,Sibthorp,ksibthorp4e@mapquest.com,Male
160,Henrietta,Meachen,hmeachen4f@dmoz.org,Female
161,Sonnnie,McPhillips,smcphillips4g@narod.ru,Female
162,Pierce,Stirtle,pstirtle4h@elegantthemes.com,Male
163,Michel,Cana,mcana4i@independent.co.uk,Female
164,Luis,Loxley,lloxley4j@ning.com,Male
165,Janelle,Sulter,jsulter4k@shinystat.com,Female
166,Sherie,Zellner,szellner4l@i2i.jp,Female
167,Alta,Louth,alouth4m@dmoz.org,Female
168,Giffer,Mewrcik,gmewrcik4n@gizmodo.com,Male
169,Boothe,Sapey,bsapey4o@technorati.com,Male
170,Jonah,Mallender,jmallender4p@facebook.com,Male
171,Vick,Meffan,vmeffan4q@bizjournals.com,Male
172,Helenelizabeth,Spilisy,hspilisy4r@si.edu,Female
173,Salomo,Wilcot,swilcot4s@pen.io,Male
174,Vilhelmina,Costy,vcosty4t@constantcontact.com,Female
175,Robers,McAllan,rmcallan4u@shutterfly.com,Male
176,Sibyl,Pennington,spennington4v@un.org,Male
177,Rayshell,Gatheral,rgatheral4w@jalbum.net,Female
178,Connie,Mapples,cmapples4x@discovery.com,Male
179,Joanne,Joscelyne,jjoscelyne4y@berkeley.edu,Female
180,Engracia,Fairhurst,efairhurst4z@hibu.com,Female
181,Constantine,Tytherton,ctytherton50@yale.edu,Female
182,Cecilla,Rehm,crehm51@about.me,Female
183,Kit,Burkitt,kburkitt52@163.com,Female
184,Alysa,Fitzsymons,afitzsymons53@deviantart.com,Female
185,Vince,Tortice,vtortice54@reuters.com,Male
186,Jerry,Ricker,jricker55@smugmug.com,Male
187,Alverta,Martinson,amartinson56@patch.com,Female
188,Vevay,Hanselmann,vhanselmann57@tripadvisor.com,Female
189,Matthias,Bance,mbance58@nhs.uk,Male
190,Gretta,Matiasek,gmatiasek59@cam.ac.uk,Female
191,Nina,Compson,ncompson5a@jalbum.net,Female
192,Phil,Weale,pweale5b@senate.gov,Male
193,Edith,Finneran,efinneran5c@etsy.com,Female
194,Tedra,Will,twill5d@weibo.com,Female
195,Gabriellia,Golsthorp,ggolsthorp5e@sciencedaily.com,Female
196,Mathian,Fray,mfray5f@technorati.com,Male
197,Callean,Brockman,cbrockman5g@java.com,Male
198,Gonzalo,Avent,gavent5h@hp.com,Male
199,Gerianna,Everley,geverley5i@amazon.co.jp,Female
200,Virginie,Blaxall,vblaxall5j@dedecms.com,Female
201,Maureene,Mitskevich,mmitskevich5k@goodreads.com,Female
202,Waiter,Loram,wloram5l@utexas.edu,Male
203,Billye,Heardman,bheardman5m@flavors.me,Female
204,Mireille,Stockoe,mstockoe5n@mac.com,Female
205,Phillis,Mertsching,pmertsching5o@friendfeed.com,Female
206,Belle,Rees,brees5p@sourceforge.net,Female
207,Tades,Lyokhin,tlyokhin5q@princeton.edu,Male
208,Steven,Dommett,sdommett5r@umich.edu,Male
209,Wilma,Sylvester,wsylvester5s@redcross.org,Female
210,Iolande,Innocenti,iinnocenti5t@wikipedia.org,Female
211,Eleanora,Suthren,esuthren5u@usgs.gov,Female
212,Judye,Philipsson,jphilipsson5v@yellowbook.com,Female
213,Rhett,Spark,rspark5w@canalblog.com,Male
214,Frederick,Monson,fmonson5x@squidoo.com,Male
215,Car,Torrecilla,ctorrecilla5y@marketwatch.com,Male
216,Galen,Folling,gfolling5z@arizona.edu,Male
217,Riordan,Caselli,rcaselli60@behance.net,Male
218,Deina,Barringer,dbarringer61@newsvine.com,Female
219,Kristy,Rockcliffe,krockcliffe62@ow.ly,Female
220,Newton,Ca,nca63@indiatimes.com,Male
221,Dmitri,Croce,dcroce64@yolasite.com,Male
222,Kristyn,Worley,kworley65@domainmarket.com,Female
223,Thain,Caunt,tcaunt66@storify.com,Male
224,Edwina,Fearne,efearne67@so-net.ne.jp,Female
225,Josiah,McReedy,jmcreedy68@toplist.cz,Male
226,Corilla,Guerrieri,cguerrieri69@comsenz.com,Female
227,Fannie,Duthie,fduthie6a@ucsd.edu,Female
228,Skyler,Parmer,sparmer6b@ifeng.com,Male
229,Terrel,Laurent,tlaurent6c@cloudflare.com,Male
230,Cortney,Goodge,cgoodge6d@narod.ru,Female
231,Trenton,Housden,thousden6e@live.com,Male
232,Amabel,Cleary,acleary6f@jimdo.com,Female
233,Gerrard,Espadas,gespadas6g@wikipedia.org,Male
234,Ginni,Small,gsmall6h@icq.com,Female
235,Sasha,Cadden,scadden6i@simplemachines.org,Male
236,Andromache,Bulluck,abulluck6j@bigcartel.com,Female
237,Darrick,Janzen,djanzen6k@independent.co.uk,Male
238,Ruby,Cotgrave,rcotgrave6l@dedecms.com,Female
239,Consuelo,Berrisford,cberrisford6m@ibm.com,Female
240,Meris,Benet,mbenet6n@macromedia.com,Female
241,Katti,Kingzeth,kkingzeth6o@bandcamp.com,Female
242,Ernst,Domonkos,edomonkos6p@fda.gov,Male
243,Serene,Fotheringham,sfotheringham6q@g.co,Female
244,Del,Willox,dwillox6r@bing.com,Female
245,Riobard,Maffeo,rmaffeo6s@ebay.com,Male
246,Farand,Jakucewicz,fjakucewicz6t@elegantthemes.com,Female
247,Phillipp,Dionsetti,pdionsetti6u@sbwire.com,Male
248,Sylas,MacAllister,smacallister6v@w3.org,Male
249,Fulton,Froschauer,ffroschauer6w@smh.com.au,Male
250,Cy,Valentino,cvalentino6x@epa.gov,Male
251,Gigi,Figures,gfigures6y@hp.com,Female
252,Marcy,Tomasoni,mtomasoni6z@cnn.com,Female
253,Link,Bidder,lbidder70@nationalgeographic.com,Male
254,Ileane,McSperron,imcsperron71@wiley.com,Female
255,Shae,Oolahan,soolahan72@ucoz.ru,Male
256,Daphna,Probbing,dprobbing73@addtoany.com,Female
257,Sarette,Gillow,sgillow74@paginegialle.it,Female
258,Winifred,Linner,wlinner75@tiny.cc,Female
259,Luce,Skiplorne,lskiplorne76@telegraph.co.uk,Male
260,Flint,Raunds,fraunds77@discuz.net,Male
261,Rustin,Duke,rduke78@weebly.com,Male
262,Bent,Warman,bwarman79@indiatimes.com,Male
263,Germain,Garnson,ggarnson7a@smugmug.com,Male
264,Bengt,Alchin,balchin7b@blogtalkradio.com,Male
265,Ives,Ruck,iruck7c@themeforest.net,Male
266,Car,Baseggio,cbaseggio7d@nationalgeographic.com,Male
267,Stillmann,Regenhardt,sregenhardt7e@ibm.com,Male
268,Odelinda,Shambrook,oshambrook7f@odnoklassniki.ru,Female
269,Yolande,Bellefonte,ybellefonte7g@prlog.org,Female
270,Analise,Slight,aslight7h@creativecommons.org,Female
271,Babbette,Bridywater,bbridywater7i@odnoklassniki.ru,Female
272,Colette,Westby,cwestby7j@mail.ru,Female
273,Elsbeth,Bachs,ebachs7k@reference.com,Female
274,Laurette,Carrane,lcarrane7l@si.edu,Female
275,Odelia,Exposito,oexposito7m@youtube.com,Female
276,Akim,Jone,ajone7n@fastcompany.com,Male
277,Brewster,Bebbell,bbebbell7o@goo.ne.jp,Male
278,Robby,Meijer,rmeijer7p@zdnet.com,Male
279,Hollyanne,Elphee,helphee7q@dailymail.co.uk,Female
280,Maitilde,Beverage,mbeverage7r@taobao.com,Female
281,Ram,Worsom,rworsom7s@wp.com,Male
282,Bernadine,McKeggie,bmckeggie7t@t-online.de,Female
283,Amberly,Minogue,aminogue7u@jimdo.com,Female
284,Kris,Lanfer,klanfer7v@homestead.com,Female
285,Ikey,Guerin,iguerin7w@adobe.com,Male
286,Reeva,Major,rmajor7x@hatena.ne.jp,Female
287,Wilhelmina,Arnholtz,warnholtz7y@gnu.org,Female
288,Svend,Highway,shighway7z@kickstarter.com,Male
289,Nani,Lejeune,nlejeune80@nasa.gov,Female
290,Nicole,Fierro,nfierro81@vk.com,Female
291,Yvon,Mercik,ymercik82@wix.com,Male
292,Corey,Prinne,cprinne83@cbslocal.com,Female
293,Tara,Abbes,tabbes84@go.com,Female
294,Culver,Stopps,cstopps85@wunderground.com,Male
295,Wilt,Burnall,wburnall86@intel.com,Male
296,Elsi,Farlamb,efarlamb87@nyu.edu,Female
297,Katrinka,Janout,kjanout88@craigslist.org,Female
298,Julissa,Blades,jblades89@naver.com,Female
299,Kiri,Ramstead,kramstead8a@walmart.com,Female
300,Odelia,Castleton,ocastleton8b@github.io,Female
301,Tessi,Rushmer,trushmer8c@typepad.com,Female
302,Fons,Whitely,fwhitely8d@xing.com,Male
303,Clayson,Mapother,cmapother8e@bloglovin.com,Male
304,Thoma,Dudney,tdudney8f@biblegateway.com,Male
305,Claudio,Saphir,csaphir8g@creativecommons.org,Male
306,Ruthi,Sprigg,rsprigg8h@w3.org,Female
307,Daisy,Tremayne,dtremayne8i@utexas.edu,Female
308,Den,Bibby,dbibby8j@odnoklassniki.ru,Male
309,Alwyn,Sandiford,asandiford8k@pbs.org,Male
310,Lisetta,Ennion,lennion8l@histats.com,Female
311,Meyer,Pawellek,mpawellek8m@nba.com,Male
312,Brendis,Stitwell,bstitwell8n@storify.com,Male
313,Hewet,Klauer,hklauer8o@constantcontact.com,Male
314,Ad,Bazeley,abazeley8p@cornell.edu,Male
315,Frans,Halkyard,fhalkyard8q@addtoany.com,Male
316,Zeb,Burford,zburford8r@arizona.edu,Male
317,Egor,Sollner,esollner8s@chicagotribune.com,Male
318,Aurea,Isaksson,aisaksson8t@utexas.edu,Female
319,Ethe,Bechley,ebechley8u@barnesandnoble.com,Male
320,Ediva,Hassin,ehassin8v@irs.gov,Female
321,Hildy,Ellery,hellery8w@fema.gov,Female
322,Franky,Verbrugge,fverbrugge8x@hc360.com,Female
323,Lorette,Armstead,larmstead8y@tiny.cc,Female
324,Tana,Eyam,teyam8z@google.co.uk,Female
325,Russ,Prophet,rprophet90@twitpic.com,Male
326,Sarene,Chilcott,schilcott91@nih.gov,Female
327,Hermon,Foggo,hfoggo92@weebly.com,Male
328,Elisa,Duckhouse,educkhouse93@biblegateway.com,Female
329,Lemmy,Odegaard,lodegaard94@walmart.com,Male
330,Talbot,Thonger,tthonger95@multiply.com,Male
331,Tabbatha,Hughson,thughson96@bloglines.com,Female
332,Woodrow,Thamelt,wthamelt97@oracle.com,Male
333,Felisha,Shorto,fshorto98@addthis.com,Female
334,Amelie,Chrystie,achrystie99@com.com,Female
335,Gilbertine,Corney,gcorney9a@biblegateway.com,Female
336,Andrea,Thorneloe,athorneloe9b@dedecms.com,Male
337,Evangelia,Emblow,eemblow9c@army.mil,Female
338,Peyter,Swatheridge,pswatheridge9d@tuttocitta.it,Male
339,Werner,Mechi,wmechi9e@eventbrite.com,Male
340,Collen,Norkutt,cnorkutt9f@com.com,Female
341,Marcos,Purkis,mpurkis9g@cloudflare.com,Male
342,Ardys,Broadist,abroadist9h@bbb.org,Female
343,Helenka,Frantzeni,hfrantzeni9i@shinystat.com,Female
344,Benjie,Buckleigh,bbuckleigh9j@exblog.jp,Male
345,Emily,Readett,ereadett9k@google.com.br,Female
346,Frasco,Abendroth,fabendroth9l@feedburner.com,Male
347,Olin,Meert,omeert9m@studiopress.com,Male
348,Jenelle,Salway,jsalway9n@google.cn,Female
349,Tova,Wills,twills9o@latimes.com,Female
350,Xever,Lambell,xlambell9p@si.edu,Male
351,Leeanne,Arch,larch9q@networkadvertising.org,Female
352,Alessandro,Sharply,asharply9r@nps.gov,Male
353,Brena,Killbey,bkillbey9s@admin.ch,Female
354,Rutherford,Veryard,rveryard9t@comcast.net,Male
355,Hugibert,de Glanville,hdeglanville9u@mail.ru,Male
356,Wade,Welbourn,wwelbourn9v@engadget.com,Male
357,Mina,Carine,mcarine9w@sohu.com,Female
358,Lenora,Raper,lraper9x@is.gd,Female
359,Christie,Bernth,cbernth9y@pinterest.com,Female
360,Si,Collingworth,scollingworth9z@a8.net,Male
361,Salome,Venmore,svenmorea0@theguardian.com,Female
362,Robin,Carcass,rcarcassa1@npr.org,Female
363,Nessa,Kobes,nkobesa2@etsy.com,Female
364,Powell,Moon,pmoona3@digg.com,Male
365,Gram,Rae,graea4@gravatar.com,Male
366,Editha,Lockless,elocklessa5@histats.com,Female
367,Brunhilda,Emeline,bemelinea6@tuttocitta.it,Female
368,Leonhard,Aleksashin,laleksashina7@mozilla.org,Male
369,Kimberly,Bonafant,kbonafanta8@utexas.edu,Female
370,Arte,Skipton,askiptona9@oaic.gov.au,Male
371,Giorgio,Rushforth,grushforthaa@ning.com,Male
372,Joanne,Pithcock,jpithcockab@google.com.br,Female
373,Si,Ducker,sduckerac@oracle.com,Male
374,Jeremiah,Widocks,jwidocksad@dailymail.co.uk,Male
375,Muffin,Schreurs,mschreursae@statcounter.com,Male
376,Margit,Deguara,mdeguaraaf@vk.com,Female
377,Rolland,Rainville,rrainvilleag@parallels.com,Male
378,Alysa,O'Henery,aoheneryah@shop-pro.jp,Female
379,Lancelot,Sooper,lsooperai@uiuc.edu,Male
380,Kelvin,Clardge,kclardgeaj@blog.com,Male
381,Kiley,Wraith,kwraithak@oaic.gov.au,Female
382,Wat,Leel,wleelal@skyrock.com,Male
383,Maible,Moretto,mmorettoam@angelfire.com,Female
384,Shea,Cumbers,scumbersan@npr.org,Female
385,Ebonee,Swayton,eswaytonao@google.nl,Female
386,Lyndell,Coull,lcoullap@oracle.com,Female
387,Evelin,Kloser,ekloseraq@hibu.com,Male
388,Tiffi,O'Malley,tomalleyar@earthlink.net,Female
389,Denny,Drissell,ddrissellas@ow.ly,Female
390,Phip,Lomath,plomathat@hubpages.com,Male
391,Marie,Stevani,mstevaniau@chron.com,Female
392,Caz,Van Cassel,cvancasselav@epa.gov,Male
393,Kipp,McGonnell,kmcgonnellaw@jugem.jp,Male
394,Nathaniel,Broxis,nbroxisax@admin.ch,Male
395,Daffi,Petel,dpetelay@google.com,Female
396,Nichole,Seyler,nseyleraz@samsung.com,Female
397,Hamlen,Spensly,hspenslyb0@disqus.com,Male
398,Arleyne,Nisius,anisiusb1@meetup.com,Female
399,Ronnica,Tixall,rtixallb2@ifeng.com,Female
400,Cassie,Surgeon,csurgeonb3@huffingtonpost.com,Male
401,Brigida,Udell,budellb4@cnet.com,Female
402,Pearla,Ellsom,pellsomb5@time.com,Female
403,Josias,Doust,jdoustb6@narod.ru,Male
404,Kaleb,Dutnall,kdutnallb7@hp.com,Male
405,Bettine,Garr,bgarrb8@ocn.ne.jp,Female
406,Terrill,MacIlurick,tmacilurickb9@time.com,Male
407,Michaela,Minkin,mminkinba@xinhuanet.com,Female
408,Merridie,Coryndon,mcoryndonbb@dropbox.com,Female
409,Terrill,Mooring,tmooringbc@tinyurl.com,Male
410,Delly,Cardero,dcarderobd@liveinternet.ru,Female
411,Jeno,Choat,jchoatbe@hostgator.com,Male
412,Wakefield,Hamly,whamlybf@simplemachines.org,Male
413,Etan,Philcott,ephilcottbg@yelp.com,Male
414,Heall,Koppke,hkoppkebh@homestead.com,Male
415,Parker,Pioli,ppiolibi@people.com.cn,Male
416,Cull,Kippins,ckippinsbj@yandex.ru,Male
417,Cosme,Leinster,cleinsterbk@comsenz.com,Male
418,Constantina,Gherarducci,cgherarduccibl@patch.com,Female
419,Lucais,Thorrington,lthorringtonbm@wikispaces.com,Male
420,Mechelle,Ullett,mullettbn@hatena.ne.jp,Female
421,Tobi,Tremontana,ttremontanabo@alibaba.com,Female
422,Kerk,Beck,kbeckbp@japanpost.jp,Male
423,Hersh,Fresson,hfressonbq@yale.edu,Male
424,Sebastien,Kaser,skaserbr@etsy.com,Male
425,Alair,McKeaney,amckeaneybs@webs.com,Male
426,Allix,Cleiment,acleimentbt@nyu.edu,Female
427,Anallese,Beardshaw,abeardshawbu@mediafire.com,Female
428,Baldwin,Shanahan,bshanahanbv@youtube.com,Male
429,Samara,Langeren,slangerenbw@multiply.com,Female
430,Melesa,Misselbrook,mmisselbrookbx@gov.uk,Female
431,Matthieu,Simmens,msimmensby@163.com,Male
432,Oralle,Grigorio,ogrigoriobz@mac.com,Female
433,Caldwell,Enevold,cenevoldc0@canalblog.com,Male
434,Tanitansy,Champley,tchampleyc1@sun.com,Female
435,Eimile,Heigl,eheiglc2@zimbio.com,Female
436,Rici,MacGilfoyle,rmacgilfoylec3@facebook.com,Female
437,Darsey,Folkes,dfolkesc4@tiny.cc,Female
438,Verney,Bonnet,vbonnetc5@eepurl.com,Male
439,Britteny,Oakeshott,boakeshottc6@cornell.edu,Female
440,Barbee,Blunn,bblunnc7@blinklist.com,Female
441,Wendeline,Sendley,wsendleyc8@time.com,Female
442,Langsdon,Kann,lkannc9@barnesandnoble.com,Male
443,Vachel,Giddings,vgiddingsca@goo.gl,Male
444,Robin,Christin,rchristincb@zimbio.com,Male
445,Roxy,Byers,rbyerscc@zdnet.com,Female
446,Maxie,Jope,mjopecd@time.com,Male
447,Niels,Ivashkov,nivashkovce@oaic.gov.au,Male
448,Normy,Thames,nthamescf@simplemachines.org,Male
449,Roz,Reignolds,rreignoldscg@redcross.org,Female
450,Meagan,Measen,mmeasench@t.co,Female
451,Rafferty,Desantis,rdesantisci@japanpost.jp,Male
452,Archibold,Philimore,aphilimorecj@amazon.co.jp,Male
453,Clevey,Athridge,cathridgeck@desdev.cn,Male
454,Brigid,Napier,bnapiercl@e-recht24.de,Female
455,Mallory,Lacey,mlaceycm@wix.com,Female
456,Madalyn,Kopfen,mkopfencn@typepad.com,Female
457,Mark,Tissell,mtissellco@tinyurl.com,Male
458,Kenneth,Velden,kveldencp@yahoo.com,Male
459,Pennie,Bredbury,pbredburycq@simplemachines.org,Male
460,Corrie,McKennan,cmckennancr@zimbio.com,Female
461,Siana,Readwood,sreadwoodcs@wiley.com,Female
462,Chiquia,Kopmann,ckopmannct@bandcamp.com,Female
463,Guinevere,Dabner,gdabnercu@shinystat.com,Female
464,Ray,Sackett,rsackettcv@tamu.edu,Female
465,Audrey,Nijs,anijscw@skype.com,Female
466,Elliot,Barnardo,ebarnardocx@nature.com,Male
467,Gabie,Pyecroft,gpyecroftcy@examiner.com,Male
468,Hewitt,Sammons,hsammonscz@twitpic.com,Male
469,Rori,Colebourne,rcolebourned0@yandex.ru,Female
470,Sallie,Edensor,sedensord1@sfgate.com,Female
471,Melicent,Kingsley,mkingsleyd2@reference.com,Female
472,Talia,Spurdens,tspurdensd3@tiny.cc,Female
473,Klara,Androck,kandrockd4@uol.com.br,Female
474,Raven,Bearsmore,rbearsmored5@icio.us,Female
475,Rowan,Cissell,rcisselld6@biblegateway.com,Male
476,Bendix,Wrighton,bwrightond7@hhs.gov,Male
477,Nil,Gilluley,ngilluleyd8@nationalgeographic.com,Male
478,Suzanne,Stenhouse,sstenhoused9@altervista.org,Female
479,Avrit,Collett,acollettda@dion.ne.jp,Female
480,Conny,Husthwaite,chusthwaitedb@ycombinator.com,Male
481,Zachery,Siviour,zsiviourdc@domainmarket.com,Male
482,Borg,Gisburn,bgisburndd@webnode.com,Male
483,Susy,Bezants,sbezantsde@cloudflare.com,Female
484,Raul,Haggleton,rhaggletondf@cbslocal.com,Male
485,Belita,Bompass,bbompassdg@amazon.com,Female
486,Diannne,Vail,dvaildh@narod.ru,Female
487,Franciskus,Craigg,fcraiggdi@chicagotribune.com,Male
488,Antonin,Bisley,abisleydj@blogs.com,Male
489,Anestassia,Gollin,agollindk@constantcontact.com,Female
490,Ivie,Parsonson,iparsonsondl@latimes.com,Female
491,Deeann,Walczak,dwalczakdm@blogtalkradio.com,Female
492,Matty,Hunnam,mhunnamdn@goo.gl,Male
493,Thibaut,Giovanetti,tgiovanettido@harvard.edu,Male
494,Barnabas,Halston,bhalstondp@amazonaws.com,Male
495,Lorrie,Matterdace,lmatterdacedq@pagesperso-orange.fr,Male
496,Jessee,McGinty,jmcgintydr@google.de,Male
497,Konstantine,Monelli,kmonellids@dyndns.org,Male
498,Werner,Circuit,wcircuitdt@freewebs.com,Male
499,Lonny,Tesche,lteschedu@com.com,Male
500,Tiphani,Nana,tnanadv@diigo.com,Female
501,Eberhard,Dumper,edumperdw@ftc.gov,Male
502,Rory,Yearron,ryearrondx@photobucket.com,Female
503,Gris,Gazey,ggazeydy@newyorker.com,Male
504,Sapphira,Biggs,sbiggsdz@theguardian.com,Female
505,Burty,Trawin,btrawine0@canalblog.com,Male
506,Henderson,McGeouch,hmcgeouche1@printfriendly.com,Male
507,Nicola,Mullinger,nmullingere2@printfriendly.com,Male
508,Durante,O'Carran,docarrane3@pagesperso-orange.fr,Male
509,Washington,Beresford,wberesforde4@reference.com,Male
510,Marleen,Sawle,msawlee5@amazon.de,Female
511,Howey,Hamley,hhamleye6@storify.com,Male
512,Caldwell,Kaspar,ckaspare7@wordpress.org,Male
513,Winslow,Snoday,wsnodaye8@reuters.com,Male
514,Moyra,Chatters,mchatterse9@omniture.com,Female
515,Shem,Moulin,smoulinea@pbs.org,Male
516,Corrianne,Baudin,cbaudineb@cmu.edu,Female
517,Alissa,Meadway,ameadwayec@deliciousdays.com,Female
518,Ricky,Lorkins,rlorkinsed@washingtonpost.com,Male
519,Jeffie,Nunson,jnunsonee@kickstarter.com,Male
520,Jodie,Boggon,jboggonef@posterous.com,Female
521,Libbey,Everett,leveretteg@tumblr.com,Female
522,Kalle,Meadway,kmeadwayeh@redcross.org,Male
523,Ibbie,Cathersides,icathersidesei@yellowbook.com,Female
524,Willie,Abrahams,wabrahamsej@sciencedirect.com,Female
525,Adair,Peterson,apetersonek@ucsd.edu,Male
526,Valeria,Tunsley,vtunsleyel@dmoz.org,Female
527,Abel,Smyth,asmythem@cisco.com,Male
528,Fanchette,McAughtrie,fmcaughtrieen@yolasite.com,Female
529,Normand,Santen,nsanteneo@skype.com,Male
530,Myrwyn,Loudiane,mloudianeep@discuz.net,Male
531,Aloysia,Kenyon,akenyoneq@hc360.com,Female
532,Alix,Pott,apotter@dailymotion.com,Female
533,Louis,Parmby,lparmbyes@networksolutions.com,Male
534,Christin,Spring,cspringet@upenn.edu,Female
535,Elliott,Friatt,efriatteu@360.cn,Male
536,Patty,Mordie,pmordieev@businesswire.com,Male
537,Jill,D'eye,jdeyeew@japanpost.jp,Female
538,Baudoin,Noot,bnootex@mtv.com,Male
539,Sebastian,Lanchbery,slanchberyey@unblog.fr,Male
540,Roana,Ribeiro,rribeiroez@comsenz.com,Female
541,Annecorinne,Ells,aellsf0@ted.com,Female
542,Bjorn,Tzuker,btzukerf1@privacy.gov.au,Male
543,Enrico,Syseland,esyselandf2@amazonaws.com,Male
544,Inglis,Curds,icurdsf3@youku.com,Male
545,Reggis,Duffield,rduffieldf4@lycos.com,Male
546,Judas,Barrie,jbarrief5@godaddy.com,Male
547,Noby,Priest,npriestf6@livejournal.com,Male
548,Johny,Hambridge,jhambridgef7@imdb.com,Male
549,Gay,Christou,gchristouf8@oaic.gov.au,Female
550,Ruthi,Hudel,rhudelf9@opera.com,Female
551,Jakob,McCrea,jmccreafa@home.pl,Male
552,Zach,Harner,zharnerfb@comcast.net,Male
553,Doria,Duffan,dduffanfc@va.gov,Female
554,Verna,Damrel,vdamrelfd@ehow.com,Female
555,Pascal,Lumbly,plumblyfe@bandcamp.com,Male
556,Caressa,Beatson,cbeatsonff@aol.com,Female
557,Risa,Kondratyuk,rkondratyukfg@howstuffworks.com,Female
558,Clerissa,Christin,cchristinfh@ebay.com,Female
559,Aymer,de Broke,adebrokefi@examiner.com,Male
560,Anet,Hutt,ahuttfj@usda.gov,Female
561,Roderich,Banker,rbankerfk@imdb.com,Male
562,Martie,Meacher,mmeacherfl@friendfeed.com,Male
563,Viki,Deek,vdeekfm@slate.com,Female
564,Lucho,Conyers,lconyersfn@google.it,Male
565,Matthaeus,Kastel,mkastelfo@springer.com,Male
566,Eric,Broadhead,ebroadheadfp@ezinearticles.com,Male
567,Gwynne,Bamsey,gbamseyfq@privacy.gov.au,Female
568,Fletcher,Grzesiak,fgrzesiakfr@fc2.com,Male
569,Cordy,Scritch,cscritchfs@home.pl,Male
570,Elna,Kennham,ekennhamft@parallels.com,Female
571,Benjamen,Brugsma,bbrugsmafu@cpanel.net,Male
572,Eleen,Bowe,ebowefv@biglobe.ne.jp,Female
573,Brian,Purseglove,bpurseglovefw@spiegel.de,Male
574,Seth,O' Donohoe,sodonohoefx@de.vu,Male
575,Cordy,MacDonnell,cmacdonnellfy@bravesites.com,Female
576,Tim,Kilroy,tkilroyfz@webeden.co.uk,Male
577,Rancell,Bartosek,rbartosekg0@prweb.com,Male
578,Nealy,Isworth,nisworthg1@unblog.fr,Male
579,Kimble,Grute,kgruteg2@opera.com,Male
580,Cameron,Downing,cdowningg3@photobucket.com,Male
581,Reggis,Pottinger,rpottingerg4@uol.com.br,Male
582,Tripp,Howie,thowieg5@ning.com,Male
583,Talyah,Winspur,twinspurg6@accuweather.com,Female
584,Lothaire,Rolls,lrollsg7@harvard.edu,Male
585,Whitney,Mattocks,wmattocksg8@tinyurl.com,Male
586,Gav,Custance,gcustanceg9@ucoz.com,Male
587,Karil,Reston,krestonga@npr.org,Female
588,Jessi,Madigan,jmadigangb@istockphoto.com,Female
589,Rozella,Sotworth,rsotworthgc@go.com,Female
590,Roseanne,Okill,rokillgd@issuu.com,Female
591,Tobe,McQuie,tmcquiege@yelp.com,Female
592,Teddie,Cocker,tcockergf@tinyurl.com,Male
593,Osborn,Simounet,osimounetgg@nbcnews.com,Male
594,Lian,Maseres,lmaseresgh@bing.com,Female
595,Yvor,Grier,ygriergi@biglobe.ne.jp,Male
596,Aubry,Semark,asemarkgj@epa.gov,Female
597,Joly,Byneth,jbynethgk@google.cn,Female
598,Malvin,Carney,mcarneygl@timesonline.co.uk,Male
599,Clarisse,Mee,cmeegm@ehow.com,Female
600,Goraud,Giorgione,ggiorgionegn@samsung.com,Male
601,Petronia,Dri,pdrigo@shop-pro.jp,Female
602,Katine,Tavernor,ktavernorgp@bravesites.com,Female
603,Halimeda,Laurencot,hlaurencotgq@ibm.com,Female
604,Rena,Sooley,rsooleygr@gnu.org,Female
605,Lydon,Schindler,lschindlergs@pagesperso-orange.fr,Male
606,Nicola,Aleksandrikin,naleksandrikingt@yellowpages.com,Female
607,Ogden,Crippin,ocrippingu@soundcloud.com,Male
608,Xena,Kirkup,xkirkupgv@icq.com,Female
609,Lindsy,Milington,lmilingtongw@google.com.au,Female
610,Salvador,Elsom,selsomgx@creativecommons.org,Male
611,Estevan,Tommasuzzi,etommasuzzigy@scribd.com,Male
612,Rochell,Hawsby,rhawsbygz@uol.com.br,Female
613,Adam,Jennick,ajennickh0@jugem.jp,Male
614,Tarra,Sircomb,tsircombh1@senate.gov,Female
615,Vivianne,O'Dowd,vodowdh2@examiner.com,Female
616,Maisey,MacKill,mmackillh3@soundcloud.com,Female
617,Evangeline,Sheere,esheereh4@disqus.com,Female
618,Glenden,Geyton,ggeytonh5@xing.com,Male
619,Mickie,La Grange,mlagrangeh6@unc.edu,Male
620,Emlynn,Philips,ephilipsh7@nyu.edu,Female
621,Katie,Humble,khumbleh8@ucoz.ru,Female
622,Norton,Simoncini,nsimoncinih9@wunderground.com,Male
623,Chrysa,Tozer,ctozerha@devhub.com,Female
624,Christie,Gittings,cgittingshb@google.nl,Male
625,Sascha,Gaitung,sgaitunghc@whitehouse.gov,Male
626,Donni,Salandino,dsalandinohd@homestead.com,Female
627,Flynn,Horsburgh,fhorsburghhe@i2i.jp,Male
628,Bryon,Praill,bpraillhf@businesswire.com,Male
629,Merl,Brocking,mbrockinghg@blog.com,Female
630,Clarissa,McTavish,cmctavishhh@hibu.com,Female
631,Ramon,Prynne,rprynnehi@blog.com,Male
632,Constantine,O'Cleary,coclearyhj@yahoo.co.jp,Male
633,Sherlock,Scoone,sscoonehk@cnet.com,Male
634,Elane,Hallum,ehallumhl@wikipedia.org,Female
635,Roger,Arrigucci,rarriguccihm@mapquest.com,Male
636,Ivie,Tunnick,itunnickhn@va.gov,Female
637,Dale,Bilsland,dbilslandho@hibu.com,Female
638,Julio,Luno,jlunohp@accuweather.com,Male
639,Hersch,O'Kielt,hokielthq@google.com,Male
640,Colan,Twitching,ctwitchinghr@cornell.edu,Male
641,Hedvige,Folca,hfolcahs@ucsd.edu,Female
642,Trefor,Rymell,trymellht@cisco.com,Male
643,Alberik,Sykora,asykorahu@noaa.gov,Male
644,Alejandro,Gooderham,agooderhamhv@skype.com,Male
645,Sollie,Smy,ssmyhw@bigcartel.com,Male
646,Rogerio,Moulton,rmoultonhx@cmu.edu,Male
647,Alva,Whitlow,awhitlowhy@bizjournals.com,Male
648,Adey,Dennick,adennickhz@hugedomains.com,Female
649,Maury,Drought,mdroughti0@hhs.gov,Male
650,Emilia,Demangel,edemangeli1@cocolog-nifty.com,Female
651,Erina,Umpleby,eumplebyi2@chronoengine.com,Female
652,Wylma,Brew,wbrewi3@wsj.com,Female
653,Tansy,Marquand,tmarquandi4@last.fm,Female
654,Garnette,Sigfrid,gsigfridi5@bloomberg.com,Female
655,Lief,McCaffrey,lmccaffreyi6@gizmodo.com,Male
656,Emera,Kaesmakers,ekaesmakersi7@phoca.cz,Female
657,Sutherland,Whitely,swhitelyi8@addtoany.com,Male
658,Katharina,Bletsoe,kbletsoei9@gizmodo.com,Female
659,Lynda,Croy,lcroyia@example.com,Female
660,Quinlan,Weson,qwesonib@imdb.com,Male
661,Aube,Sawnwy,asawnwyic@cbc.ca,Male
662,Nicoline,Stotherfield,nstotherfieldid@narod.ru,Female
663,Brinna,Moriarty,bmoriartyie@furl.net,Female
664,Piper,Precious,ppreciousif@nytimes.com,Female
665,Rocky,Follet,rfolletig@a8.net,Male
666,Sheila,Damarell,sdamarellih@discovery.com,Female
667,Raddy,Crackel,rcrackelii@chronoengine.com,Male
668,Jeane,Gamlyn,jgamlynij@hp.com,Female
669,Zebadiah,Wallentin,zwallentinik@miitbeian.gov.cn,Male
670,Pietrek,Chasmar,pchasmaril@live.com,Male
671,Yasmin,McIlmurray,ymcilmurrayim@unc.edu,Female
672,Broddie,Woolard,bwoolardin@buzzfeed.com,Male
673,Lulita,Gowrie,lgowrieio@ifeng.com,Female
674,Dru,Gerrans,dgerransip@answers.com,Male
675,Vitia,Karran,vkarraniq@patch.com,Female
676,Galven,Pleat,gpleatir@theguardian.com,Male
677,Stanislas,Gudd,sguddis@google.pl,Male
678,Tate,Kindell,tkindellit@reference.com,Female
679,Dina,Mulrenan,dmulrenaniu@sitemeter.com,Female
680,Emory,Easeman,eeasemaniv@fema.gov,Male
681,Addie,Mease,ameaseiw@netscape.com,Male
682,Benni,Soppit,bsoppitix@ihg.com,Female
683,Saleem,Dougal,sdougaliy@technorati.com,Male
684,Donielle,McCaughren,dmccaughreniz@technorati.com,Female
685,Angelo,Hugo,ahugoj0@wiley.com,Male
686,Eal,Goeff,egoeffj1@buzzfeed.com,Male
687,Gael,Giroldi,ggiroldij2@google.co.jp,Male
688,Hyacintha,Puve,hpuvej3@webeden.co.uk,Female
689,Stanislaw,Colthard,scolthardj4@over-blog.com,Male
690,Julian,Gallatly,jgallatlyj5@t-online.de,Male
691,Tonye,Lademann,tlademannj6@whitehouse.gov,Female
692,Benjamin,Cisland,bcislandj7@nifty.com,Male
693,Cecily,Shoute,cshoutej8@time.com,Female
694,Sabine,Rehn,srehnj9@mtv.com,Female
695,Jaclyn,Griffitt,jgriffittja@ed.gov,Female
696,Dillon,Reolfi,dreolfijb@weebly.com,Male
697,Cale,Venton,cventonjc@jigsy.com,Male
698,Alane,Trahar,atraharjd@google.ca,Female
699,Alanson,Wigelsworth,awigelsworthje@fc2.com,Male
700,Alessandra,Nunnery,anunneryjf@arizona.edu,Female
701,Ignace,Kelloch,ikellochjg@geocities.com,Male
702,Wendel,Shorie,wshoriejh@mozilla.com,Male
703,Lela,Dennes,ldennesji@paginegialle.it,Female
704,Flossi,Purkins,fpurkinsjj@soundcloud.com,Female
705,Sherlocke,Ellis,sellisjk@1und1.de,Male
706,Barn,Rollitt,brollittjl@quantcast.com,Male
707,Sloane,Kubyszek,skubyszekjm@cyberchimps.com,Male
708,Lenna,Billes,lbillesjn@slashdot.org,Female
709,Nolana,Adamoli,nadamolijo@slideshare.net,Female
710,Caralie,Cordall,ccordalljp@naver.com,Female
711,Gran,Twyford,gtwyfordjq@barnesandnoble.com,Male
712,Eachelle,Labrow,elabrowjr@wp.com,Female
713,Shem,Mallaby,smallabyjs@networkadvertising.org,Male
714,Vonni,Rees,vreesjt@51.la,Female
715,Holly,Wallworth,hwallworthju@yale.edu,Male
716,Garth,Jindacek,gjindacekjv@hugedomains.com,Male
717,Tracie,Endicott,tendicottjw@java.com,Female
718,Rheta,Piscopello,rpiscopellojx@linkedin.com,Female
719,Leonhard,Grigorini,lgrigorinijy@chicagotribune.com,Male
720,Gilbertina,McLeod,gmcleodjz@auda.org.au,Female
721,Vidovik,Galland,vgallandk0@printfriendly.com,Male
722,Vi,Cobbold,vcobboldk1@sitemeter.com,Female
723,Wally,Torra,wtorrak2@yahoo.co.jp,Female
724,Ruthanne,Faire,rfairek3@foxnews.com,Female
725,Alisander,Goodier,agoodierk4@reverbnation.com,Male
726,Farlee,Lashmar,flashmark5@zdnet.com,Male
727,Marjorie,Squirrell,msquirrellk6@shutterfly.com,Female
728,Bronnie,Silverstone,bsilverstonek7@blogs.com,Male
729,Marcellina,Jiruca,mjirucak8@t-online.de,Female
730,Barnabas,Duffree,bduffreek9@dyndns.org,Male
731,Carin,McGraffin,cmcgraffinka@sakura.ne.jp,Female
732,Pamella,Carrington,pcarringtonkb@desdev.cn,Female
733,Madella,Quainton,mquaintonkc@nhs.uk,Female
734,Bertie,Bedells,bbedellskd@reverbnation.com,Male
735,Culley,Villiers,cvillierske@nsw.gov.au,Male
736,Winnie,Matchell,wmatchellkf@hatena.ne.jp,Male
737,Nicolea,Fasset,nfassetkg@1688.com,Female
738,Laurie,Bliven,lblivenkh@mozilla.org,Female
739,Eduino,Warden,ewardenki@yelp.com,Male
740,Nancey,Comizzoli,ncomizzolikj@google.es,Female
741,George,MacElholm,gmacelholmkk@zdnet.com,Female
742,Nefen,Rudwell,nrudwellkl@arizona.edu,Male
743,Maitilde,Ferrie,mferriekm@china.com.cn,Female
744,Duffy,Pashler,dpashlerkn@reuters.com,Male
745,Thedric,Eggerton,teggertonko@netvibes.com,Male
746,Hiram,Tellesson,htellessonkp@latimes.com,Male
747,Helenelizabeth,Mardell,hmardellkq@irs.gov,Female
748,Cecelia,Penhaligon,cpenhaligonkr@nymag.com,Female
749,Emelita,Rushton,erushtonks@marriott.com,Female
750,Odie,Robison,orobisonkt@abc.net.au,Male
751,Karena,Trask,ktraskku@uiuc.edu,Female
752,Caryl,Miere,cmierekv@hexun.com,Female
753,Pat,Farnorth,pfarnorthkw@businesswire.com,Female
754,Cecilius,Brunger,cbrungerkx@senate.gov,Male
755,Erl,Ronald,eronaldky@toplist.cz,Male
756,Sayers,Krugmann,skrugmannkz@prlog.org,Male
757,Lynett,Lowless,llowlessl0@icio.us,Female
758,Petunia,Paulusch,ppauluschl1@upenn.edu,Female
759,Koralle,Piff,kpiffl2@hao123.com,Female
760,Odella,Simpson,osimpsonl3@oracle.com,Female
761,Christoffer,Gutherson,cguthersonl4@china.com.cn,Male
762,Odella,Bartomeu,obartomeul5@taobao.com,Female
763,Boycey,Hazeltine,bhazeltinel6@howstuffworks.com,Male
764,Emmey,Mantrip,emantripl7@vk.com,Female
765,Winslow,Pargeter,wpargeterl8@wufoo.com,Male
766,Merrick,Trythall,mtrythalll9@ow.ly,Male
767,Goldia,Lowfill,glowfillla@xinhuanet.com,Female
768,Vonni,Phlipon,vphliponlb@mlb.com,Female
769,Betsey,Anwell,banwelllc@51.la,Female
770,Brittney,Aharoni,baharonild@mediafire.com,Female
771,Slade,Emmet,semmetle@plala.or.jp,Male
772,Luella,Pearle,lpearlelf@fc2.com,Female
773,Reamonn,Quarterman,rquartermanlg@webs.com,Male
774,Renaldo,Warne,rwarnelh@usa.gov,Male
775,Twila,Mulholland,tmulhollandli@taobao.com,Female
776,Carina,Fillimore,cfillimorelj@feedburner.com,Female
777,Glyn,Tickel,gtickellk@theglobeandmail.com,Female
778,Cordelie,Partkya,cpartkyall@constantcontact.com,Female
779,Garret,Caddock,gcaddocklm@weebly.com,Male
780,Cele,Connerry,cconnerryln@geocities.com,Female
781,Adrian,Burder,aburderlo@purevolume.com,Female
782,Bernadene,Tansly,btanslylp@newsvine.com,Female
783,Cassius,Betz,cbetzlq@wordpress.com,Male
784,Sasha,Larter,slarterlr@i2i.jp,Male
785,Florentia,Berick,fberickls@canalblog.com,Female
786,Devondra,Janak,djanaklt@mozilla.com,Female
787,Bernetta,Staddon,bstaddonlu@biblegateway.com,Female
788,Roxanna,Goddard,rgoddardlv@cafepress.com,Female
789,Cullin,Farrall,cfarralllw@wufoo.com,Male
790,Electra,Orneblow,eorneblowlx@wiley.com,Female
791,Gilbertine,Millwall,gmillwallly@cisco.com,Female
792,Krystal,Service,kservicelz@nydailynews.com,Female
793,Sayre,Ughi,sughim0@sciencedirect.com,Female
794,Janela,Beamson,jbeamsonm1@seesaa.net,Female
795,Shadow,Hatherley,shatherleym2@independent.co.uk,Male
796,Mella,McTurk,mmcturkm3@cocolog-nifty.com,Female
797,Erl,MacLachlan,emaclachlanm4@last.fm,Male
798,Leoline,Koop,lkoopm5@miibeian.gov.cn,Female
799,Alexio,Marris,amarrism6@cisco.com,Male
800,Milo,Yakubovics,myakubovicsm7@imdb.com,Male
801,Dedra,Bolesma,dbolesmam8@vk.com,Female
802,Isaak,Delos,idelosm9@blogger.com,Male
803,Blaire,Bickersteth,bbickerstethma@arizona.edu,Female
804,Finlay,Roofe,froofemb@blinklist.com,Male
805,Thorn,Tremmel,ttremmelmc@storify.com,Male
806,Agna,Hoofe,ahoofemd@independent.co.uk,Female
807,Dorri,Ouslem,douslemme@flickr.com,Female
808,Consuela,Loynes,cloynesmf@de.vu,Female
809,Marlane,Cornelis,mcornelismg@biglobe.ne.jp,Female
810,Cherry,Alejandre,calejandremh@mail.ru,Female
811,Elena,Fludgate,efludgatemi@nature.com,Female
812,Jozef,Francesconi,jfrancesconimj@twitpic.com,Male
813,Ulick,Callendar,ucallendarmk@webmd.com,Male
814,Rosalind,Swainger,rswaingerml@fc2.com,Female
815,Tabor,Bateson,tbatesonmm@pinterest.com,Male
816,Glenine,Garnsworthy,ggarnsworthymn@gov.uk,Female
817,Dulcinea,Silvers,dsilversmo@prweb.com,Female
818,Rikki,Pawelski,rpawelskimp@edublogs.org,Female
819,Rowena,Cloonan,rcloonanmq@psu.edu,Female
820,Carol,Dorow,cdorowmr@vimeo.com,Female
821,Charlotte,Lodo,clodoms@oracle.com,Female
822,Hamlin,Raubenheimer,hraubenheimermt@ocn.ne.jp,Male
823,Penelopa,Spacie,pspaciemu@loc.gov,Female
824,Josi,Featherby,jfeatherbymv@alexa.com,Female
825,Cyrill,Oxer,coxermw@ning.com,Male
826,Barnaby,Tithecott,btithecottmx@about.com,Male
827,Germain,Kelbie,gkelbiemy@prlog.org,Female
828,Vivianne,Rosebotham,vrosebothammz@bloglovin.com,Female
829,Caddric,Densie,cdensien0@gizmodo.com,Male
830,Jenilee,Chesshyre,jchesshyren1@51.la,Female
831,Allegra,Finlaison,afinlaisonn2@latimes.com,Female
832,Abbot,Seeds,aseedsn3@blogger.com,Male
833,Annabela,Camous,acamousn4@about.com,Female
834,Odella,Hirthe,ohirthen5@ezinearticles.com,Female
835,Aleksandr,Malia,amalian6@hatena.ne.jp,Male
836,Delmore,Pechell,dpechelln7@unc.edu,Male
837,Talia,Dymond,tdymondn8@acquirethisname.com,Female
838,Micheal,Stening,msteningn9@skype.com,Male
839,Lee,Redwin,lredwinna@apple.com,Female
840,Atlanta,Casbourne,acasbournenb@geocities.com,Female
841,Minda,Kaminski,mkaminskinc@fotki.com,Female
842,Geoffry,Stooke,gstookend@google.com.br,Male
843,Arlina,Maryman,amarymanne@about.me,Female
844,Madel,Janes,mjanesnf@etsy.com,Female
845,Bud,Bastistini,bbastistining@mapquest.com,Male
846,Marigold,Yirrell,myirrellnh@state.tx.us,Female
847,Nissa,Bowker,nbowkerni@bbc.co.uk,Female
848,Florance,Berthomieu,fberthomieunj@yellowpages.com,Female
849,Courtenay,Etheredge,cetheredgenk@un.org,Female
850,Peg,Lobb,plobbnl@netvibes.com,Female
851,Keeley,Jovic,kjovicnm@elegantthemes.com,Female
852,Veronique,Pitts,vpittsnn@ft.com,Female
853,Quinn,Ibbeson,qibbesonno@adobe.com,Female
854,Esmaria,Genever,egenevernp@auda.org.au,Female
855,Halie,Kinde,hkindenq@oakley.com,Female
856,Athena,Dannohl,adannohlnr@google.ru,Female
857,Oralia,Hannaford,ohannafordns@deliciousdays.com,Female
858,Paxon,Olivey,poliveynt@usnews.com,Male
859,Clemmie,Janecki,cjaneckinu@nymag.com,Male
860,Mahmud,Guinness,mguinnessnv@xinhuanet.com,Male
861,Dennie,Dilleston,ddillestonnw@netlog.com,Female
862,Kent,Carnaman,kcarnamannx@ca.gov,Male
863,Gwendolin,Sarle,gsarleny@pbs.org,Female
864,Jeri,Elms,jelmsnz@cisco.com,Female
865,Jakie,Codeman,jcodemano0@archive.org,Male
866,Christy,Sellers,csellerso1@ameblo.jp,Male
867,Pam,Eckford,peckfordo2@biglobe.ne.jp,Female
868,Maddi,Studdeard,mstuddeardo3@tamu.edu,Female
869,Lorin,Hayto,lhaytoo4@marriott.com,Male
870,Kiele,Sawers,ksawerso5@google.ru,Female
871,Ethelin,O' Lone,eoloneo6@jalbum.net,Female
872,Aline,Crowson,acrowsono7@skyrock.com,Female
873,Aigneis,Santora,asantorao8@e-recht24.de,Female
874,Doti,Loudon,dloudono9@acquirethisname.com,Female
875,Des,Larvin,dlarvinoa@harvard.edu,Male
876,Kory,Shotton,kshottonob@tinypic.com,Male
877,Ernestus,Ben,ebenoc@yale.edu,Male
878,Eleanora,Tiuit,etiuitod@netvibes.com,Female
879,Saraann,Minton,smintonoe@springer.com,Female
880,Glennis,Rentcome,grentcomeof@tripadvisor.com,Female
881,Rusty,Ginnally,rginnallyog@aboutads.info,Male
882,Feodora,Berzin,fberzinoh@devhub.com,Female
883,Jon,Whicher,jwhicheroi@fc2.com,Male
884,Seamus,Carren,scarrenoj@boston.com,Male
885,Eldon,Sessions,esessionsok@intel.com,Male
886,Aldon,Claxton,aclaxtonol@lulu.com,Male
887,Putnem,Castri,pcastriom@xrea.com,Male
888,Emmit,Kas,ekason@smugmug.com,Male
889,Smitty,Borwick,sborwickoo@reddit.com,Male
890,Abner,Baine,abaineop@craigslist.org,Male
891,Sterling,Corris,scorrisoq@economist.com,Male
892,Malinda,Carrington,mcarringtonor@csmonitor.com,Female
893,Lurlene,Gyorffy,lgyorffyos@hexun.com,Female
894,Baldwin,Duckett,bduckettot@boston.com,Male
895,Lisle,Roelvink,lroelvinkou@arizona.edu,Male
896,Rory,Khan,rkhanov@europa.eu,Male
897,Hersh,Sammars,hsammarsow@noaa.gov,Male
898,Robyn,Murley,rmurleyox@weebly.com,Female
899,Richart,Grzeszczak,rgrzeszczakoy@nsw.gov.au,Male
900,Marion,Standen,mstandenoz@comcast.net,Male
901,Lula,Mee,lmeep0@is.gd,Female
902,Vinita,Duffil,vduffilp1@github.com,Female
903,Alysa,Merle,amerlep2@live.com,Female
904,Faye,Darrell,fdarrellp3@eepurl.com,Female
905,Katalin,Coulthart,kcoulthartp4@dot.gov,Female
906,Georgette,Lemary,glemaryp5@vistaprint.com,Female
907,Lynn,Ganiford,lganifordp6@dropbox.com,Male
908,Dacy,Machon,dmachonp7@naver.com,Female
909,Willard,Morhall,wmorhallp8@furl.net,Male
910,Diane-marie,Gorman,dgormanp9@fc2.com,Female
911,Querida,Hillitt,qhillittpa@yale.edu,Female
912,Rosanne,Taffs,rtaffspb@exblog.jp,Female
913,Lyon,Simonard,lsimonardpc@nydailynews.com,Male
914,Harcourt,Herculson,hherculsonpd@boston.com,Male
915,Shalna,Silbersak,ssilbersakpe@nydailynews.com,Female
916,Corissa,MacKeller,cmackellerpf@cafepress.com,Female
917,Glynis,Bransgrove,gbransgrovepg@storify.com,Female
918,Sophia,Cholerton,scholertonph@latimes.com,Female
919,Alanson,Lyst,alystpi@scientificamerican.com,Male
920,Miran,Orbine,morbinepj@aboutads.info,Female
921,Garek,Sendall,gsendallpk@weibo.com,Male
922,Bordy,Brant,bbrantpl@multiply.com,Male
923,Roderick,Spinage,rspinagepm@mashable.com,Male
924,Bettina,Pargetter,bpargetterpn@naver.com,Female
925,Clementia,Udy,cudypo@joomla.org,Female
926,Byrle,Androli,bandrolipp@feedburner.com,Male
927,Humphrey,Schild,hschildpq@bbb.org,Male
928,Wilie,Broomhall,wbroomhallpr@tuttocitta.it,Female
929,Garret,Dunbobbin,gdunbobbinps@zdnet.com,Male
930,Pearl,Lockitt,plockittpt@china.com.cn,Female
931,Lorette,Enoksson,lenokssonpu@mlb.com,Female
932,Robbyn,Carress,rcarresspv@google.com,Female
933,Josephina,Bartolomucci,jbartolomuccipw@sciencedirect.com,Female
934,Lebbie,Arger,largerpx@livejournal.com,Female
935,Dominique,D'Acth,ddacthpy@nbcnews.com,Male
936,Harrie,McGaughey,hmcgaugheypz@scientificamerican.com,Female
937,Yehudi,Lanchbury,ylanchburyq0@xing.com,Male
938,Franchot,Coney,fconeyq1@ca.gov,Male
939,Ailey,Binley,abinleyq2@github.io,Female
940,Glynnis,Gauchier,ggauchierq3@chicagotribune.com,Female
941,Anne-marie,Clowton,aclowtonq4@amazon.de,Female
942,Cheri,Reynold,creynoldq5@google.pl,Female
943,Jeri,Bullene,jbulleneq6@seesaa.net,Female
944,Cicely,Hulett,chulettq7@jiathis.com,Female
945,Lane,Braiden,lbraidenq8@netvibes.com,Female
946,Teodoor,Covendon,tcovendonq9@addtoany.com,Male
947,Lita,Keeping,lkeepingqa@biglobe.ne.jp,Female
948,Cesya,Girardengo,cgirardengoqb@istockphoto.com,Female
949,Branden,Charlton,bcharltonqc@jugem.jp,Male
950,Axel,Burdell,aburdellqd@bloglovin.com,Male
951,Carlie,Biskup,cbiskupqe@arstechnica.com,Male
952,Edd,Harling,eharlingqf@fotki.com,Male
953,Emmanuel,Greatland,egreatlandqg@wiley.com,Male
954,Danette,Decourt,ddecourtqh@ezinearticles.com,Female
955,Jeanelle,McEnhill,jmcenhillqi@nyu.edu,Female
956,Thorsten,Brideau,tbrideauqj@tiny.cc,Male
957,Car,Allwood,callwoodqk@tiny.cc,Male
958,Glenine,Aylett,gaylettql@ovh.net,Female
959,Marabel,Crawshaw,mcrawshawqm@simplemachines.org,Female
960,Bert,Faircliff,bfaircliffqn@about.com,Female
961,Rhody,Grigolon,rgrigolonqo@yale.edu,Female
962,Ewell,Ricci,ericciqp@squarespace.com,Male
963,Tracie,Gouck,tgouckqq@is.gd,Female
964,Gavin,Whacket,gwhacketqr@facebook.com,Male
965,Rafferty,Rowaszkiewicz,rrowaszkiewiczqs@php.net,Male
966,Shoshanna,Tutill,stutillqt@hhs.gov,Female
967,Gherardo,Polino,gpolinoqu@diigo.com,Male
968,Sallyanne,Straffon,sstraffonqv@indiatimes.com,Female
969,Lia,Steffens,lsteffensqw@eventbrite.com,Female
970,Barrett,Lantiff,blantiffqx@telegraph.co.uk,Male
971,Rolph,Van Giffen,rvangiffenqy@yale.edu,Male
972,Adah,Nacey,anaceyqz@timesonline.co.uk,Female
973,Nelli,Prandoni,nprandonir0@miibeian.gov.cn,Female
974,Jacinthe,Wharf,jwharfr1@ibm.com,Female
975,Ros,Niche,rnicher2@oracle.com,Female
976,Pepi,Cowp,pcowpr3@wsj.com,Female
977,Siegfried,Tremellier,stremellierr4@senate.gov,Male
978,Etienne,Bilbrooke,ebilbrooker5@foxnews.com,Male
979,Catriona,Cobbled,ccobbledr6@google.com.br,Female
980,Jone,Spurrier,jspurrierr7@angelfire.com,Male
981,Faun,Penman,fpenmanr8@si.edu,Female
982,Stevana,Bartozzi,sbartozzir9@reddit.com,Female
983,Abbott,Marco,amarcora@jalbum.net,Male
984,Irena,Wiggall,iwiggallrb@eepurl.com,Female
985,Lucia,Fincke,lfinckerc@tinypic.com,Female
986,Johny,Shenton,jshentonrd@multiply.com,Male
987,Demetris,Digman,ddigmanre@mysql.com,Female
988,Liana,Lepope,llepoperf@cocolog-nifty.com,Female
989,Town,Buckner,tbucknerrg@vimeo.com,Male
990,Marion,Kohn,mkohnrh@google.ca,Female
991,Zondra,Kermath,zkermathri@hao123.com,Female
992,Sunshine,Dansey,sdanseyrj@bloglovin.com,Female
993,Elliott,Danford,edanfordrk@mit.edu,Male
994,Jesus,Torbeck,jtorbeckrl@hao123.com,Male
995,Thaine,Balnaves,tbalnavesrm@ucoz.com,Male
996,Frederik,Vida,fvidarn@spiegel.de,Male
997,Loni,Sammon,lsammonro@ifeng.com,Female
998,Keeley,Warnock,kwarnockrp@themeforest.net,Female
999,Brantley,Gallon,bgallonrq@msu.edu,Male
1000,Zara,Pickworth,zpickworthrr@google.ca,Female
